{
    "accuracy": 0.943327239488117,
    "precision": 0.9090909090909091,
    "recall": 0.5970149253731343,
    "roc_auc_core": 0.7943407960199005
}
