{
    "accuracy": 0.9074243813015582,
    "precision": 0.6597222222222222,
    "recall": 0.6462585034013606,
    "roc_auc_core": 0.7971758618701719
}
