{
    "accuracy": 0.8166819431714024,
    "precision": 0.2845528455284553,
    "recall": 0.23809523809523808,
    "auc": 0.5724374495560937
}